time_utc,views
2026-02-01 21:54:27,3457300
2026-02-01 22:30:01,3588177
2026-02-01 23:24:23,3751797
2026-02-02 00:35:18,3931417
2026-02-02 01:16:47,4010662
2026-02-02 01:28:44,4030760
2026-02-02 02:24:28,4083372
2026-02-02 03:16:24,4117508
2026-02-02 03:29:41,4121945
2026-02-02 04:26:06,4136864
2026-02-02 05:21:16,4145881
2026-02-02 10:47:18,4237638
2026-02-02 13:27:09,4339392
2026-02-02 16:00:06,4439166
2026-02-02 17:27:38,4512937
2026-02-02 19:57:19,4624732
2026-02-02 21:32:16,4695689
2026-02-02 23:35:07,4806216
2026-02-03 05:26:41,4894687
2026-02-03 10:38:05,4947736
2026-02-03 13:03:27,5018368
2026-02-03 14:56:55,5078332
2026-02-03 16:53:05,5163695
2026-02-03 17:33:32,5195323
2026-02-03 20:05:12,5295075
2026-02-03 23:10:26,5441849
2026-02-04 01:22:33,5513956
2026-02-04 03:20:40,5534362
2026-02-04 04:30:57,5538275
2026-02-04 05:25:55,5540030
2026-02-04 10:29:55,5562117
2026-02-04 13:05:02,5594400
2026-02-04 15:34:51,5629215
2026-02-04 17:19:10,5667997
2026-02-04 19:58:21,5717624
2026-02-04 22:42:39,5783000
2026-02-05 00:59:51,5830300
2026-02-05 02:32:50,5843256
2026-02-05 03:26:18,5846620
2026-02-05 04:26:29,5848551
2026-02-05 05:24:56,5849644
2026-02-05 10:39:23,5863265
2026-02-05 13:25:48,5883568
2026-02-05 15:40:21,5904649
2026-02-05 17:23:04,5926530
2026-02-05 20:04:01,5957175
2026-02-05 23:02:11,6001109
2026-02-06 01:16:57,6029071
2026-02-06 02:33:13,6034413
2026-02-06 03:27:13,6036377
2026-02-06 04:30:17,6037867
2026-02-06 05:22:15,6038453
2026-02-06 10:36:54,6047622
2026-02-06 13:22:22,6062370
2026-02-06 15:36:50,6078221
2026-02-06 17:19:52,6095135
2026-02-06 19:57:03,6118004
2026-02-06 21:57:49,6139101
2026-02-07 00:41:20,6172640
2026-02-07 01:32:11,6177514
2026-02-07 02:34:27,6181219
2026-02-07 03:25:46,6182652
2026-02-07 04:22:52,6183637
2026-02-07 05:23:11,6184189
2026-02-07 10:23:48,6190610
2026-02-07 12:39:53,6202793
2026-02-07 13:26:55,6207433
2026-02-07 14:31:21,6214910
2026-02-07 15:26:04,6221431
2026-02-07 16:27:21,6232214
2026-02-07 17:14:05,6238612
2026-02-07 17:28:45,6240612
2026-02-07 19:26:23,6256186
2026-02-07 20:26:18,6262771
2026-02-07 21:20:48,6270394
2026-02-07 22:30:09,6283130
2026-02-07 23:24:51,6290716
2026-02-08 00:35:03,6303008
2026-02-08 01:17:49,6307766
2026-02-08 01:28:44,6308677
2026-02-08 02:27:39,6311578
2026-02-08 03:24:09,6313159
2026-02-08 04:29:58,6314481
2026-02-08 05:31:32,6315032
2026-02-08 10:50:33,6322870
2026-02-08 12:59:36,6335563
2026-02-08 13:32:20,6339061
2026-02-08 14:33:05,6346121
2026-02-08 15:27:12,6352260
2026-02-08 16:29:00,6359907
2026-02-08 17:17:09,6365439
2026-02-08 17:29:29,6367213
2026-02-08 19:28:07,6378136
2026-02-08 20:28:40,6383017
2026-02-08 21:23:34,6388490
2026-02-08 22:31:20,6396110
2026-02-08 23:25:39,6402606
2026-02-09 00:45:16,6409751
2026-02-09 01:20:56,6411929
2026-02-09 02:26:08,6413963
2026-02-09 03:24:36,6415092
2026-02-09 04:30:35,6415634
2026-02-09 05:27:34,6415893
2026-02-09 11:15:56,6422085
2026-02-09 13:35:39,6427068
2026-02-09 16:43:36,6437594
2026-02-09 20:10:03,6450049
2026-02-09 23:08:18,6466876
2026-02-10 01:35:57,6476852
2026-02-10 03:34:14,6479211
2026-02-10 05:26:08,6479767
2026-02-10 11:22:11,6484830
2026-02-10 13:38:05,6489140
2026-02-10 16:46:00,6497801
2026-02-10 20:17:14,6508291
2026-02-10 23:44:00,6522208
2026-02-11 01:40:17,6527501
2026-02-11 03:40:07,6529670
2026-02-11 05:32:44,6530195
2026-02-11 11:17:29,6533802
2026-02-11 13:34:19,6537403
2026-02-11 16:05:50,6542938
2026-02-11 20:08:14,6553788
2026-02-11 23:39:12,6566056
2026-02-12 01:32:46,6571307
2026-02-12 03:23:05,6573113
2026-02-12 04:33:41,6573546
2026-02-12 05:27:08,6573726
2026-02-12 10:49:19,6576811
2026-02-12 13:29:27,6580622
2026-02-12 15:59:44,6586267
2026-02-12 17:34:19,6591187
2026-02-12 20:39:50,6599708
2026-02-12 23:40:16,6612116
2026-02-13 01:26:12,6616864
2026-02-13 02:35:43,6618077
2026-02-13 03:32:31,6618590
2026-02-13 04:32:24,6618892
2026-02-13 05:29:23,6619119
2026-02-13 10:44:23,6622107
2026-02-13 13:26:01,6626375
2026-02-13 15:38:52,6631146
2026-02-13 17:18:53,6636990
2026-02-13 19:57:42,6644050
2026-02-13 22:42:03,6653416
2026-02-14 01:02:25,6662320
2026-02-14 02:37:41,6664367
2026-02-14 03:34:40,6665046
2026-02-14 05:15:54,6665497
2026-02-14 10:28:37,6668198
2026-02-14 12:52:58,6673767
2026-02-14 13:30:06,6675467
2026-02-14 14:33:22,6678486
2026-02-14 15:27:43,6681799
2026-02-14 16:27:25,6685268
2026-02-14 17:16:03,6688359
2026-02-14 17:29:20,6689034
2026-02-14 19:26:38,6693801
2026-02-14 20:27:10,6696312
2026-02-14 21:22:12,6699403
2026-02-14 22:29:41,6703576
2026-02-14 23:23:11,6706935
2026-02-15 00:34:32,6711523
2026-02-15 01:16:37,6713066
2026-02-15 01:28:19,6713383
2026-02-15 02:25:00,6714499
2026-02-15 03:19:08,6715090
2026-02-15 03:30:11,6715227
2026-02-15 04:25:45,6715537
2026-02-15 05:20:32,6715723
2026-02-15 10:41:35,6718459
2026-02-15 12:58:49,6722546
2026-02-15 13:31:57,6724111
2026-02-15 14:34:05,6726660
2026-02-15 15:28:09,6729210
2026-02-15 16:28:46,6732344
2026-02-15 17:17:15,6734507
2026-02-15 17:29:09,6735125
2026-02-15 19:27:12,6740358
2026-02-15 20:28:10,6743125
2026-02-15 21:21:10,6746369
2026-02-15 22:30:28,6751315
2026-02-15 23:25:06,6755132
2026-02-16 00:35:42,6758276
2026-02-16 01:19:36,6760171
2026-02-16 01:29:34,6760309
2026-02-16 02:26:27,6761249
2026-02-16 03:20:36,6761745
2026-02-16 04:25:34,6762055
2026-02-16 05:24:35,6762184
2026-02-16 10:54:42,6765405
2026-02-16 13:32:19,6770522
2026-02-16 16:05:31,6778742
2026-02-16 17:33:14,6785617
2026-02-16 20:03:39,6793891
2026-02-16 22:36:53,6804737
2026-02-17 00:51:59,6814381
2026-02-17 01:30:54,6815791
2026-02-17 02:31:54,6817113
2026-02-17 03:26:31,6817687
2026-02-17 04:31:22,6818099
2026-02-17 05:27:28,6818282
2026-02-17 10:44:25,6821879
2026-02-17 13:27:10,6827377
2026-02-17 16:01:49,6835683
2026-02-17 17:32:44,6842598
2026-02-17 20:09:08,6851579
2026-02-17 23:14:16,6866542
2026-02-18 01:23:51,6873829
2026-02-18 03:18:55,6875819
2026-02-18 04:30:49,6876276
2026-02-18 05:28:44,6876478
2026-02-18 10:47:03,6878804
2026-02-18 13:27:55,6887293
2026-02-18 15:58:28,6893833
2026-02-18 17:32:38,6900583
2026-02-18 20:06:34,6908138
2026-02-18 23:13:50,6919762
2026-02-19 01:29:40,6926857
2026-02-19 03:21:40,6928585
2026-02-19 04:33:46,6929026
2026-02-19 05:28:55,6929233
2026-02-19 10:44:55,6933902
2026-02-19 13:26:07,6940615
2026-02-19 15:57:39,6950813
2026-02-19 17:32:38,6959373
2026-02-19 20:38:51,6971584
2026-02-19 23:37:45,6988977
2026-02-20 01:23:00,6995248
2026-02-20 02:33:01,6996757
2026-02-20 03:31:27,6997425
2026-02-20 04:35:21,6997836
2026-02-20 05:28:42,6998002
2026-02-20 10:38:27,7002114
2026-02-20 13:23:10,7009234
2026-02-20 15:31:16,7017670
2026-02-20 17:17:12,7026802
2026-02-20 19:41:07,7037027
2026-02-20 21:28:28,7044337
2026-02-20 23:28:01,7055646
2026-02-21 01:19:30,7062141
2026-02-21 02:27:05,7063568
2026-02-21 03:22:06,7064207
2026-02-21 04:29:17,7064689
2026-02-21 05:25:42,7064936
2026-02-21 10:22:59,7068176
2026-02-21 12:36:33,7074091
2026-02-21 13:25:05,7077075
2026-02-21 14:31:07,7081480
2026-02-21 15:25:04,7086045
2026-02-21 16:25:45,7090740
2026-02-21 17:12:42,7094923
2026-02-21 17:28:01,7096433
2026-02-21 19:24:51,7104981
2026-02-21 20:25:19,7108247
2026-02-21 21:20:13,7112040
2026-02-21 22:28:25,7117660
2026-02-21 23:24:07,7122522
2026-02-22 00:34:19,7127749
2026-02-22 01:18:15,7129686
2026-02-22 01:27:56,7130101
2026-02-22 02:22:24,7131594
2026-02-22 03:13:28,7132286
2026-02-22 03:28:40,7132471
